compound_name,smiles,cid,thalf_h,thalf_source,thalf_notes,thalf_pred,CL_pred,Vd_pred,log10_obs,log10_pred,fold_error,abs_log_err,disposition,within_2fold,fold_error_ratio,within_2fold_clean,outlier
Diatrizoate,CC(=O)Nc1c(I)c(NC(C)=O)c(I)c(C(=O)O)c1I,2140.0,80.0,PubChem,PubChem: halflife is reported to be 20-140 hours,1.41,1.5772,0.1925,1.9030899869919435,0.1492191126553798,0.017625,1.7538708743365636,multi_compartment,False,56.73758865248227,False,True
Phenobarbital,CCC1(c2ccccc2)C(=O)NC(=O)NC1=O,4763.0,118.0,PubChem,PubChem: Half Life: 53 to 118 hours,2.13,3.2043,0.5908,2.0718820073061255,0.3283796034387377,0.0180508474576271,1.7435024038673876,standard,False,55.399061032863855,False,True
Tiludronic Acid,O=P(O)(O)C(Sc1ccc(Cl)cc1)P(=O)(O)O,60937.0,150.0,PubChem,PubChem: half-life is 150 hours,3.253,1.8982,0.5346,2.1760912590556813,0.5122840632818536,0.0216866666666666,1.6638071957738276,standard,False,46.111281893636644,False,True
Zoledronic Acid,O=P(O)(O)C(O)(Cn1ccnc1)P(=O)(O)O,68740.0,146.0,PubChem,PubChem: Half Life: 146 hours,5.432,1.9258,0.9057,2.164352855784437,0.7349597612724453,0.0372054794520547,1.4293930945119917,standard,False,26.877761413843885,False,True
Linagliptin,CC#CCn1c(N2CCC[C@@H](N)C2)nc2c1c(=O)n(Cc1nc(C)c3ccccc3n1)c(=O)n2C,10096344.0,155.0,PubChem,PubChem: half life of linagliptin is 155 hours,5.986,3.626,1.8794,2.1903316981702914,0.7771367125041726,0.0386193548387096,1.413194985666119,standard,False,25.893752088205815,False,True
Pentobarbital,CCCC(C)C1(CC)C(=O)NC(=O)NC1=O,4737.0,50.0,PubChem,PubChem: Half Life: 5 to 50 hours,2.082,4.9237,0.8877,1.6989700043360187,0.3184807251745173,0.0416399999999999,1.3804892791615015,standard,False,24.015369836695488,False,True
Perampanel,N#Cc1ccccc1-c1cc(-c2ccccn2)cn(-c2ccccc2)c1=O,9924495.0,105.0,PubChem,PubChem: half-life of about 105 hours,4.505,1.9913,0.7767,2.0211892990699383,0.6536947953150818,0.0429047619047619,1.3674945037548565,standard,False,23.307436182019977,False,True
Tenofovir,C[C@H](Cn1cnc2c(N)ncnc21)OCP(=O)(O)O,464205.0,32.0,PubChem,PubChem: half-life of tenofovir is of 32 hours,1.46,3.5388,0.4472,1.505149978319906,0.1643528557844371,0.045625,1.340797122535469,standard,False,21.91780821917808,False,True
Treprostinil,CCCCC[C@H](O)CC[C@@H]1[C@H]2Cc3cccc(OCC(=O)O)c3C[C@H]2C[C@H]1O,6918140.0,10.0,PubChem,"PubChem: t 100%, and it reaches steady-state concentrations in approximately 10 hours",0.488,7.764,0.3279,1.0,-0.3115801779972894,0.0487999999999999,1.311580177997289,standard,False,20.491803278688526,False,True
Melatonin,COc1ccc2[nH]cc(CCNC(C)=O)c2c1,896.0,0.1,PubChem,PubChem: half-life (0.67 +/- 0.12 vs. 0.79 +/- 0.10 hr,1.418,8.9261,1.0961,-1.0,0.1516762308470477,14.179999999999998,1.1516762308470476,standard,True,14.179999999999998,False,True
Cefadroxil,CC1=C(C(=O)O)N2C(=O)[C@@H](NC(=O)[C@H](N)c3ccc(O)cc3)[C@H]2SC1,47965.0,12.0,FDA,FDA label: t 12 hours,0.97,2.9336,0.2463,1.0791812460476249,-0.0132282657337551,0.0808333333333333,1.09240951178138,standard,False,12.371134020618557,False,True
Aripiprazole,O=C1CCc2ccc(OCCCCN3CCN(c4cccc(Cl)c4Cl)CC3)cc2N1,60795.0,110.5,PubChem,PubChem: Half Life: 75-146 hours,9.174,3.6524,2.901,2.04336227802113,0.9625587357959636,0.0830226244343891,1.0808035422251658,standard,False,12.044909526923917,False,True
Gilteritinib,CCc1nc(C(N)=O)c(Nc2ccc(N3CCC(N4CCN(C)CC4)CC3)c(OC)c2)nc1NC1CCOCC1,49803313.0,102.0,PubChem,PubChem: half-life of gilteritinib was of approximate 45-159 hours,8.753,4.45,3.3723,2.0086001717619175,0.9421569284674904,0.085813725490196,1.066443243294427,standard,False,11.653147492288358,False,True
Nefopam,CN1CCOC(c2ccccc2)c2ccccc2C1,4450.0,72.0,PubChem,"PubChem: t 12, 24, 48, and 72 hours",6.2,10.0361,5.3871,1.8573324964312683,0.7923916894982539,0.0861111111111111,1.0649408069330146,standard,False,11.612903225806452,False,True
Clorazepic Acid,O=C(O)C1N=C(c2ccccc2)c2cc(Cl)ccc2NC1=O,2809.0,24.0,PubChem,PubChem: HALF-LIFE IS ABOUT 24 HR,2.118,1.1281,0.2069,1.380211241711606,0.3259259557714661,0.08825,1.05428528594014,standard,False,11.3314447592068,False,True
Roflumilast,O=C(Nc1c(Cl)cncc1Cl)c1ccc(OC(F)F)c(OCC2CC2)c1,449193.0,30.0,FDA,FDA label: half-life of roflumilast and its N-oxide metabolite are approximately 17 and 30 hours,2.78,2.9435,0.7084,1.4771212547196624,0.4440447959180762,0.0926666666666666,1.0330764588015862,standard,False,10.79136690647482,False,True
Eptifibatide,N=C(N)NCCCC[C@@H]1NC(=O)CCSSC[C@@H](C(N)=O)NC(=O)[C@@H]2CCCN2C(=O)C(Cc2c[nH]c3ccccc23)NC(=O)[C@H](CC(=O)O)NC(=O)CNC1=O,448812.0,0.17,PubChem,PubChem: half-life of 5 +/- 2.5 minutes and a mean terminal elimination half-life of 1.13 +/- 0.17 hours,1.573,1.9637,0.2675,-0.769551078621726,0.1967287226232868,9.252941176470587,0.9662798012450128,standard,True,9.252941176470587,False,True
Diazoxide,CC1=Nc2ccc(Cl)cc2S(=O)(=O)N1,3019.0,24.0,PubChem,PubChem: half-life of diazoxide varies from 9.5 to 24 hours,2.623,2.2116,0.5023,1.380211241711606,0.4187982905903536,0.1092916666666666,0.9614129511212524,standard,False,9.149828440716735,False,True
Topiramate,CC1(C)O[C@@H]2[C@@H](CO[C@@]3(COS(N)(=O)=O)OC(C)(C)O[C@@H]23)O1,5284627.0,23.0,PubChem,PubChem: Half Life: 19 to 23 hours,2.525,3.2605,0.7128,1.3617278360175928,0.4022613824546802,0.1097826086956521,0.9594664535629128,standard,False,9.10891089108911,False,True
Promazine,CN(C)CCCN1c2ccccc2Sc2ccccc21,4926.0,1.5,PubChem,PubChem: T 1-2 HR,12.071,12.9298,13.5128,0.1760912590556812,1.081743249922721,8.047333333333333,0.9056519908670398,standard,True,8.047333333333333,False,True
Ofloxacin,CC1COc2c(N3CCN(C)CC3)c(F)cc3c(=O)c(C(=O)O)cn1c23,4583.0,38.5,PubChem,"PubChem: half-life, determined in the dialysis-free interval (t1/2 beta) and during the haemodialysis session (t1/2 HD), was 38.5",4.92,2.9637,1.2626,1.5854607295085006,0.6919651027673603,0.1277922077922078,0.8934956267411404,standard,False,7.82520325203252,False,True
Lomitapide,O=C(NC1CCN(CCCCC2(C(=O)NCC(F)(F)F)c3ccccc3-c3ccccc32)CC1)c1ccccc1-c1ccc(C(F)(F)F)cc1,9853053.0,39.7,PubChem,PubChem: half-life is 39.7 hours,5.379,3.0784,1.4337,1.5987905067631152,0.7307015442818453,0.1354911838790931,0.8680889624812699,standard,False,7.380554006320879,False,True
Drotaverine,CCOc1ccc(/C=C2\NCCc3cc(OCC)c(OCC)cc32)cc1OCC,1712095.0,1.29,PubChem,PubChem: half-life was 9.11 ± 1.29 hours,9.242,4.4575,3.5667,0.1105897102992489,0.9657659641826862,7.164341085271318,0.8551762538834372,standard,True,7.164341085271318,False,True
Vortioxetine,Cc1ccc(Sc2ccccc2N2CCNCC2)c(C)c1,9966051.0,65.8,PubChem,PubChem: half-life was 65.8 hr,9.733,9.5842,8.0763,1.8182258936139557,0.9882467233753784,0.1479179331306991,0.8299791702385771,standard,False,6.760505496763587,False,True
Tocainide,Cc1cccc(C)c1NC(=O)C(C)N,38945.0,15.0,PubChem,PubChem: half-life in patients is approximately 15 hours,2.263,7.3629,1.4424,1.1760912590556811,0.3546845539547286,0.1508666666666666,0.8214067051009527,standard,False,6.628369421122404,False,True
Etomidate,CCOC(=O)c1cncn1C(C)c1ccccc1,667484.0,12.0,PubChem,PubChem: t 12 hours,1.849,13.0095,2.0824,1.0791812460476249,0.266936911159173,0.1540833333333333,0.8122443348884518,standard,False,6.489994591671174,False,True
Iopromide,COCC(=O)Nc1c(I)c(C(=O)NCC(O)CO)c(I)c(C(=O)N(C)CC(O)CO)c1I,3736.0,0.24,PubChem,PubChem: half-life of 0.24 hours,1.551,2.2671,0.3044,-0.619788758288394,0.1906117978136049,6.4625,0.8104005561019989,multi_compartment,True,6.4625,False,True
Dabigatran,Cn1c(CNc2ccc(C(=N)N)cc2)nc2cc(C(=O)N(CCC(=O)O)c3ccccn3)ccc21,216210.0,1.0,PubChem,PubChem: t 1 hour,5.987,1.5285,0.7923,0.0,0.7772092581456849,5.987,0.7772092581456849,standard,True,5.987,False,True
Metronidazole,Cc1ncc([N+](=O)[O-])n1CCO,4173.0,12.0,PubChem,PubChem: half-life (about 12 hr,2.13,3.6394,0.6712,1.0791812460476249,0.3283796034387377,0.1775,0.7508016426088872,standard,False,5.633802816901409,False,True
Mirtazapine,CN1CCN2c3ncccc3Cc3ccccc3C2C1,4205.0,30.0,PubChem,PubChem: Half Life: 20-40 hours,5.363,11.6814,5.4243,1.4771212547196624,0.7294077969630681,0.1787666666666666,0.7477134577565943,standard,False,5.593884020137982,False,True
Ganirelix,CCNC(=NCCCC[C@H](NC(=O)[C@H](CC(C)C)NC(=O)[C@@H](CCCCN=C(NCC)NCC)NC(=O)[C@@H](Cc1ccc(O)cc1)NC(=O)[C@@H](CO)NC(=O)[C@H](Cc1cccnc1)NC(=O)[C@H](Cc1ccc(Cl)cc1)NC(=O)[C@@H](Cc1ccc2ccccc2c1)NC(C)=O)C(=O)N1CCC[C@H]1C(=O)N[C@H](C)C(N)=O)NCC,16130957.0,13.0,PubChem,PubChem: half-life (t½) following subcutaneous administration of a single 250-mcg dose is approximately 13 hours,2.402,2.5194,0.5241,1.1139433523068367,0.3805730030668873,0.1847692307692307,0.7333703492399495,standard,False,5.4121565362198165,False,True
Idarubicin,CC(=O)[C@]1(O)Cc2c(O)c3c(c(O)c2[C@@H](O[C@H]2C[C@H](N)[C@H](O)[C@H](C)O2)C1)C(=O)c1ccccc1C3=O,42890.0,45.0,FDA,FDA label: half-life exceeds 45 hours,8.344,14.1608,10.2299,1.6532125137753435,0.9213742954184744,0.1854222222222222,0.7318382183568692,standard,False,5.393096836049857,False,True
Sotalol,CC(C)NCC(O)c1ccc(NS(C)(=O)=O)cc1,5253.0,15.0,PubChem,PubChem: half life is 10-20 hours,2.798,5.6654,1.3725,1.1760912590556811,0.4468477101558088,0.1865333333333333,0.7292435488998724,standard,False,5.36097212294496,False,True
Daptomycin,CCCCCCCCCC(=O)N[C@@H](Cc1c[nH]c2ccccc12)C(=O)N[C@H](CC(N)=O)C(=O)N[C@@H](CC(=O)O)C(=O)N[C@@H]1C(=O)NCC(=O)N[C@@H](CCCN)C(=O)NC(CC(=O)O)C(=O)N[C@H](C)C(=O)N[C@@H](CC(=O)O)C(=O)NCC(=O)N[C@H](CO)C(=O)N[C@@H]([C@H](C)CC(=O)O)C(=O)N[C@@H](CC(=O)c2ccccc2N)C(=O)O[C@@H]1C,21585658.0,8.25,PubChem,"PubChem: half-life, with ranges of 7.5-9 hours",1.54,0.7482,0.0997,0.9164539485499252,0.187520720836463,0.1866666666666666,0.728933227713462,standard,False,5.357142857142857,False,True
Tazarotene,CCOC(=O)c1ccc(C#Cc2ccc3c(c2)C(C)(C)CCS3)nc1,5381.0,18.0,PubChem,"PubChem: half-life of the active form of the drug, tazarotenic acid, is approximately 18 hours",3.431,12.5647,3.7321,1.255272505103306,0.5354207180561734,0.1906111111111111,0.7198517870471327,standard,False,5.246283882250073,False,True
Nizatidine,CN/C(=C\[N+](=O)[O-])NCCSCc1csc(CN(C)C)n1,4513.0,10.0,PubChem,PubChem: Half life is 10 hours,2.014,6.9667,1.2148,1.0,0.3040594662175991,0.2013999999999999,0.6959405337824008,standard,False,4.96524329692155,False,True
Palonosetron,O=C1c2cccc3c2[C@H](CCC3)CN1[C@@H]1CN2CCC1CC2,6337614.0,40.0,FDA,FDA label: half-life is approximately 40 hours,8.558,4.4773,3.3175,1.6020599913279625,0.932372282147914,0.21395,0.6696877091800484,standard,False,4.673989249824725,False,True
Trimethoprim,COc1cc(Cc2cnc(N)nc2N)cc(OC)c1OC,5578.0,13.0,PubChem,PubChem: half-life of 13 hr,2.822,4.1163,1.0057,1.1139433523068367,0.450557009418329,0.217076923076923,0.6633863428885077,standard,False,4.6066619418851875,False,True
Flecainide,O=C(NCC1CCCCN1)c1cc(OCC(F)(F)F)ccc1OCC(F)(F)F,3356.0,20.0,PubChem,PubChem: Half Life: 20 hours,4.469,2.9871,1.1558,1.3010299956639813,0.6502103546603591,0.22345,0.650819641003622,standard,False,4.47527411053927,False,True
Bazedoxifene,Cc1c(-c2ccc(O)cc2)n(Cc2ccc(OCCN3CCCCCC3)cc2)c2ccc(O)cc12,154257.0,17.0,FDA,FDA label: half-life of approximately 17 hours,3.807,14.626,4.8213,1.230448921378274,0.5805828768143672,0.2239411764705882,0.6498660445639067,standard,False,4.465458366167586,False,True
Nitrofurantoin,O=C1CN(/N=C/c2ccc([N+](=O)[O-])o2)C(=O)N1,6604200.0,1.0,PubChem,PubChem: HALF-LIFE IS 0.3 TO 1 HR,4.415,1.8737,0.7162,0.0,0.6449307079135874,4.415,0.6449307079135874,standard,True,4.415,False,True
Heroin,CC(=O)Oc1ccc2c3c1O[C@H]1[C@@H](OC(C)=O)C=C[C@H]4[C@@H](C2)N(C)CC[C@@]341,5462328.0,0.6,PubChem,PubChem: half life is 3 minutes for heroin and 0.6 hours,2.608,6.2047,1.4011,-0.2218487496163564,0.4163075870598826,4.346666666666667,0.6381563366762389,standard,True,4.346666666666667,False,True
Trandolapril,CCOC(=O)[C@H](CCc1ccccc1)N[C@@H](C)C(=O)N1[C@@H]2CCCC[C@@H]2C[C@H]1C(=O)O,5484727.0,6.0,PubChem,PubChem: half-life of trandolapril is about 6 hours,1.387,3.6029,0.4327,0.7781512503836436,0.1420764610732848,0.2311666666666666,0.6360747893103588,standard,False,4.325883201153569,False,True
Phenytoin,O=C1NC(=O)C(c2ccccc2)(c2ccccc2)N1,1775.0,22.0,PubChem,PubChem: Half Life: 22 hours,5.307,1.4024,0.6444,1.3424226808222062,0.7248490876293856,0.2412272727272727,0.6175735931928207,standard,False,4.145468249481816,False,True
Guanfacine,N=C(N)NC(=O)Cc1c(Cl)cccc1Cl,3519.0,17.0,PubChem,PubChem: half life of 17 hours,4.143,3.8514,1.3816,1.230448921378274,0.6173149332982937,0.2437058823529411,0.6131339880799802,standard,False,4.103306782524741,False,True
Alprazolam,Cc1nnc2n1-c1ccc(Cl)cc1C(c1ccccc1)=NC2,2118.0,16.6,PubChem,PubChem: Half Life: 6.3-26.9 hours,4.102,2.5216,0.8956,1.2201080880400552,0.6129956560323475,0.2471084337349397,0.6071124320077076,standard,False,4.0468064358849345,False,True
Triamterene,Nc1nc(N)c2nc(-c3ccccc3)c(N)nc2n1,5546.0,1.1,PubChem,PubChem: t 148.7 ng*hr/mL and the mean peak plasma concentrations (Cmax) were 46.4 ng/mL reached at 1.1 hour,4.291,4.0614,1.5088,0.041392685158225,0.6325585145326719,3.900909090909091,0.5911658293744468,standard,True,3.900909090909091,False,True
Methylergometrine,CC[C@@H](CO)NC(=O)[C@@H]1C=C2c3cccc4[nH]cc(c34)C[C@H]2N(C)C1,8226.0,0.82,PubChem,PubChem: t 1.12 +/- 0.82 hours,3.139,6.8528,1.8621,-0.0861861476162833,0.4967913157000424,3.828048780487805,0.5829774633163257,standard,True,3.828048780487805,False,True
Acyclovir,Nc1nc2c(ncn2COCCO)c(=O)[nH]1,135398513.0,5.0,PubChem,PubChem: half life of acyclovir during hemodialysis is approximately 5 hours,1.328,5.5134,0.6338,0.6989700043360189,0.1231980750319987,0.2656,0.5757719293040201,standard,False,3.765060240963855,False,True
Degarelix,CC(=O)N[C@H](Cc1ccc2ccccc2c1)C(=O)N[C@H](Cc1ccc(Cl)cc1)C(=O)N[C@H](Cc1cccnc1)C(=O)N[C@@H](CO)C(=O)N[C@@H](Cc1ccc(NC(=O)[C@H]2CC(=O)NC(=O)N2)cc1)C(=O)N[C@H](Cc1ccc(NC(N)=O)cc1)C(=O)N[C@@H](CC(C)C)C(=O)N[C@@H](CCCCNC(C)C)C(=O)N1CCC[C@@H]1C(=O)N[C@H](C)C(N)=O,16136245.0,32.9,PubChem,PubChem: half-life: 41.5 - 70.2 days;  Absorption half-life: 32.9 hours,8.82,0.6248,0.4771,1.5171958979499742,0.9454685851318196,0.2680851063829787,0.5717273128181546,standard,False,3.73015873015873,False,True
Methylphenidate,COC(=O)C(c1ccccc1)C1CCCCN1,4158.0,1.0,PubChem,PubChem: t 1 hour,3.476,7.7303,2.3266,0.0,0.5410797677766288,3.476,0.5410797677766288,standard,True,3.476,False,True
Ceftolozane,Cn1c(=N)c(NC(=O)NCCN)cn1CC1=C(C(=O)O)N2C(=O)[C@@H](NC(=O)/C(=N\OC(C)(C)C(=O)O)c3nsc(N)n3)[C@H]2SC1,53234134.0,4.0,FDA,FDA label: half-life of approximately 3 to 4 hours,13.785,1.341,1.6005,0.6020599913279624,1.1394067704417925,3.44625,0.5373467791138301,standard,True,3.44625,False,True
Paclitaxel,CC(=O)O[C@H]1C(=O)[C@@]2(C)[C@H]([C@H](OC(=O)c3ccccc3)[C@]3(O)C[C@H](OC(=O)[C@H](O)[C@@H](NC(=O)c4ccccc4)c4ccccc4)C(C)=C1C3(C)C)[C@]1(OC(C)=O)CO[C@@H]1C[C@@H]2O,36314.0,24.0,PubChem,PubChem: Half Life: When a 24 hour,7.336,5.9295,3.7664,1.380211241711606,0.8654593226619647,0.3056666666666667,0.5147519190496413,standard,False,3.271537622682661,False,True
Atovaquone,O=C1C(O)=C(C2CCC(c3ccc(Cl)cc3)CC2)C(=O)c2ccccc21,74989.0,35.3,FDA,FDA label: half-life of atovaquone was 62.5 ± 35.3 hours,10.823,0.819,0.7674,1.5477747053878226,1.0343476584468485,0.306600566572238,0.5134270469409743,standard,False,3.261572576919523,False,True
Tiagabine,Cc1ccsc1C(=CCCN1CCC[C@@H](C(=O)O)C1)c1sccc1C,60648.0,8.0,PubChem,PubChem: Half Life: 7-9 hours,2.53,2.8017,0.6137,0.9030899869919436,0.4031205211758178,0.31625,0.4999694658161257,standard,False,3.16205533596838,False,True
Alosetron,Cc1[nH]cnc1CN1CCc2c(c3ccccc3n2C)C1=O,2099.0,1.0,FDA,FDA label: t 1 hour,3.123,5.2627,1.4229,0.0,0.4945719842301986,3.123,0.4945719842301986,standard,True,3.123,False,True
Zanamivir,CC(=O)N[C@H]1[C@H]([C@H](O)[C@H](O)CO)OC(C(=O)O)=C[C@@H]1N=C(N)N,60855.0,5.1,PubChem,PubChem: half-life of zanamivir following administration by oral inhalation ranges from 2.5 to 5.1 hours,1.663,2.2352,0.3218,0.7075701760979364,0.2208922492195192,0.326078431372549,0.4866779268784171,standard,False,3.06674684305472,False,True
Ropivacaine,CCCN1CCCC[C@H]1C(=O)Nc1c(C)cccc1C,175805.0,4.2,PubChem,PubChem: Half Life: Approximately 4.2 hours,1.376,7.4397,0.8866,0.6232492903979004,0.1386184338994924,0.3276190476190476,0.484630856498408,standard,False,3.0523255813953494,False,True
Mexiletine,Cc1cccc(C)c1OCC(C)N,4178.0,12.0,PubChem,PubChem: half-life of 10 to 12 hours,4.004,8.62,2.9883,1.0791812460476249,0.602494068807281,0.3336666666666666,0.4766871772403439,standard,False,2.997002997002997,False,True
Methotrexate,CN(Cc1cnc2nc(N)nc(N)c2n1)c1ccc(C(=O)N[C@@H](CCC(=O)O)C(=O)O)cc1,126941.0,10.0,PubChem,PubChem: Half Life: Low doses (less than 30 mg/m^2): 3 to 10 hours,3.456,3.6403,1.0892,1.0,0.5385737338068557,0.3456,0.4614262661931443,multi_compartment,False,2.8935185185185186,False,True
Ciclesonide,CC(C)C(=O)OCC(=O)[C@]12O[C@@H](C3CCCCC3)O[C@@H]1C[C@@H]1[C@@H]3CCC4=CC(=O)C=C[C@]4(C)[C@H]3[C@@H](O)C[C@@]12C,6918155.0,0.71,FDA,FDA label: half-life of ciclesonide and des-ciclesonide was 0.71 hours,2.049,8.5538,1.5172,-0.1487416512809247,0.311541958401195,2.8859154929577464,0.4602836096821197,standard,True,2.8859154929577464,False,True
Hydralazine,NNc1nncc2ccccc12,3637.0,5.0,PubChem,PubChem: half life of 2.2-7.8h,1.774,7.4654,1.1464,0.6989700043360189,0.2489536154957076,0.3548,0.4500163888403112,standard,False,2.818489289740699,False,True
Edoxaban,CN1CCc2nc(C(=O)N[C@@H]3C[C@@H](C(=O)N(C)C)CC[C@@H]3NC(=O)C(=O)Nc3ccc(Cl)cn3)sc2C1,10280735.0,10.0,PubChem,PubChem: half-life of 9-11 hours,3.588,2.7513,0.8547,1.0,0.5548524343720544,0.3588,0.4451475656279455,standard,False,2.7870680044593086,False,True
Triazolam,Cc1nnc2n1-c1ccc(Cl)cc1C(c1ccccc1Cl)=NC2,5556.0,3.4,PubChem,PubChem: half-life with a reported mean apparent half-life of 3.4 hr,9.322,2.0189,1.6294,0.5314789170422551,0.9695090985965668,2.741764705882353,0.4380301815543116,standard,True,2.741764705882353,False,True
Imidafenacin,Cc1nccn1CCC(C(N)=O)(c1ccccc1)c1ccccc1,6433090.0,3.0,PubChem,PubChem: half life of elimination is 3 h,8.126,2.3115,1.6263,0.4771212547196624,0.9098768179903928,2.7086666666666663,0.4327555632707303,standard,True,2.7086666666666663,False,True
Etoposide,COc1cc([C@@H]2c3cc4c(cc3[C@@H](O[C@@H]3O[C@@H]5CO[C@@H](C)O[C@H]5[C@H](O)[C@H]3O)[C@H]3COC(=O)[C@H]23)OCO4)cc(OC)c1O,36462.0,1.5,PubChem,PubChem: half-life of 1.5 hours,4.038,0.9605,0.3358,0.1760912590556812,0.6061663146076205,2.692,0.4300750555519392,standard,True,2.692,False,True
Octreotide,CC(O)C(CO)NC(=O)C1CSSCC(NC(=O)C(N)Cc2ccccc2)C(=O)NC(Cc2ccccc2)C(=O)NC(Cc2c[nH]c3ccccc23)C(=O)NC(CCCCN)C(=O)NC(C(C)O)C(=O)N1,448601.0,2.08,PubChem,PubChem: t 1.67–2.5 hours,0.78,3.9089,0.2639,0.3180633349627615,-0.1079053973095195,0.375,0.4259687322722811,standard,False,2.6666666666666665,False,True
Metformin,CN(C)C(=N)N=C(N)N,4091.0,6.2,PubChem,PubChem: half-life of metformin averages approximately 6.2 hours,2.375,5.2324,1.0757,0.7923916894982539,0.3756636139608854,0.3830645161290322,0.4167280755373685,renal_tubular,False,2.610526315789474,False,True
Oxybutynin,CCN(CC)CC#CCOC(=O)C(O)(c1ccccc1)C1CCCCC1,4634.0,1.0,PubChem,PubChem: t 1 hour,2.503,7.3043,1.5827,0.0,0.3984608496082232,2.503,0.3984608496082232,standard,True,2.503,False,True
Anidulafungin,CCCCCOc1ccc(-c2ccc(-c3ccc(C(=O)N[C@H]4C[C@@H](O)[C@@H](O)NC(=O)[C@@H]5[C@@H](O)[C@@H](C)CN5C(=O)[C@H]([C@@H](C)O)NC(=O)[C@H]([C@H](O)[C@@H](O)c5ccc(O)cc5)NC(=O)[C@@H]5C[C@@H](O)CN5C(=O)[C@H]([C@@H](C)O)NC4=O)cc3)cc2)cc1,166548.0,45.0,PubChem,PubChem: Half Life: 40-50 hours,18.339,0.3531,0.5606,1.6532125137753435,1.263375650509443,0.4075333333333333,0.389836863265901,standard,False,2.4537870112874205,False,True
Verapamil,COc1ccc(CCN(C)CCCC(C#N)(c2ccc(OC)c(OC)c2)C(C)C)cc1OC,2520.0,9.2,PubChem,PubChem: half-life (9.8 vs 9.2 hr,3.815,7.1423,2.3589,0.9637878273455552,0.5814945422908993,0.4146739130434783,0.382293285054656,standard,False,2.4115334207077326,False,True
Captopril,C[C@H](CS)C(=O)N1CCC[C@H]1C(=O)O,44093.0,4.4,PubChem,PubChem: half-life of captopril was 4.4 hr,1.921,2.8796,0.4789,0.6434526764861874,0.2835273648616936,0.4365909090909091,0.3599253116244937,standard,False,2.2904737116085374,False,True
Irinotecan,CCc1c2c(nc3ccc(OC(=O)N4CCC(N5CCCCC5)CC4)cc13)-c1cc3c(c(=O)n1C2)COC(=O)[C@]3(O)CC,60838.0,12.0,PubChem,"PubChem: T11) can be described by a 2 or 3 compartment model, a mean terminal half-life of 12 hours",5.317,5.8374,2.6871,1.0791812460476249,0.7256666603141786,0.4430833333333333,0.3535145857334462,standard,False,2.256911792364115,False,True
Nisoldipine,COC(=O)C1=C(C)NC(C)=C(C(=O)OCC(C)C)C1c1ccccc1[N+](=O)[O-],4499.0,4.3,FDA,FDA label: half-life (reflecting post absorption clearance of nisoldipine) ranges from 13.7 ± 4.3 hours,1.91,11.1741,1.8479,0.6334684555795865,0.2810333672477275,0.4441860465116279,0.352435088331859,standard,False,2.25130890052356,False,True
Darifecin,NC(=O)C(c1ccccc1)(c1ccccc1)[C@@H]1CCN(CCc2ccc3c(c2)CCO3)C1,444031.0,16.0,PubChem,PubChem: Half Life: The elimination half-life of darifenacin following chronic dosing is approximately 13-19 hours,7.177,5.012,3.1141,1.2041199826559248,0.855942946232316,0.4485625,0.3481770364236087,standard,False,2.229343736937439,False,True
Vinorelbine,CCC1=C[C@@H]2CN(C1)Cc1c([nH]c3ccccc13)[C@@](C(=O)OC)(c1cc3c(cc1OC)N(C)[C@H]1[C@@](O)(C(=O)OC)[C@H](OC(C)=O)[C@]4(CC)C=CCN5CC[C@]31[C@@H]54)C2,5311497.0,43.6,PubChem,PubChem: half-life averaged 27.7 to 43.6 hours,20.178,6.2163,10.8598,1.639486489268586,1.304878117698279,0.4627981651376147,0.3346083715703068,standard,False,2.16076915452473,False,True
Trazodone,O=c1n(CCCN2CCN(c3cccc(Cl)c3)CC2)nc2ccccn12,5533.0,8.0,PubChem,PubChem: t 1.88 +/- 0.42 micrograms/mL. The average Tmax after a single dose of 300 mg was 8 hours,3.723,3.9969,1.2883,0.9030899869919436,0.5708930362183923,0.465375,0.3321969507735513,standard,False,2.1488047273704005,False,True
Norfloxacin,CCn1cc(C(=O)O)c(=O)c2cc(F)c(N3CCNCC3)cc21,4539.0,7.6,PubChem,"PubChem: half-life is prolonged. In adults with renal impairment, the half-life of norfloxacin averaged 4.4, 6.6, or 7.6 hours",3.617,4.335,1.3574,0.8808135922807914,0.5583485087616197,0.4759210526315789,0.3224650835191716,standard,False,2.1011888305225326,False,True
Tezosentan,COc1ccccc1Oc1c(NS(=O)(=O)c2ccc(C(C)C)cn2)nc(-c2ccnc(-c3nn[nH]n3)c2)nc1OCCO,151174.0,3.0,PubChem,"PubChem: half-life 6 min), accounting for the major part of the elimination, was followed by a slower phase (half-life 3 h",1.438,3.5984,0.448,0.4771212547196624,0.1577588860468637,0.4793333333333333,0.3193623686727986,standard,False,2.086230876216968,False,True
Papaverine,COc1ccc(Cc2nccc3cc(OC)c(OC)cc23)cc1OC,4680.0,6.0,PubChem,"PubChem: half-life vary widely, reasonably constant plasma levels can be maintained with oral administration at 6 hour",2.89,6.1667,1.543,0.7781512503836436,0.4608978427565479,0.4816666666666667,0.3172534076270957,standard,False,2.0761245674740483,False,True
Ergotamine,CN1C[C@H](C(=O)N[C@]2(C)O[C@@]3(O)[C@@H]4CCCN4C(=O)[C@H](Cc4ccccc4)N3C2=O)C=C2c3cccc4[nH]cc(c34)C[C@H]21,8223.0,2.0,PubChem,PubChem: Half Life: 2 hours,0.976,7.5558,0.6387,0.3010299956639812,-0.0105501823333081,0.488,0.3115801779972894,standard,False,2.0491803278688523,False,True
Pravastatin,CC[C@H](C)C(=O)O[C@H]1C[C@H](O)C=C2C=C[C@H](C)[C@H](CC[C@@H](O)C[C@@H](O)CC(=O)O)[C@H]21,54687.0,1.8,PubChem,PubChem: half-life of pravastatin is reported to be of 1.8 hours,0.889,6.0006,0.4618,0.255272505103306,-0.0510982390297863,0.4938888888888889,0.3063707441330924,standard,False,2.0247469066366706,False,True
Piperacillin,CCN1CCN(C(=O)N[C@@H](C(=O)N[C@@H]2C(=O)N3[C@@H]2SC(C)(C)[C@@H]3C(=O)O)c2ccccc2)C(=O)C1=O,43672.0,2.0,FDA,FDA label: T 1/2 h,1.008,2.3821,0.2078,0.3010299956639812,0.0034605321095064,0.504,0.2975694635544747,standard,True,1.9841269841269842,True,False
Dicloxacillin,Cc1onc(-c2c(Cl)cccc2Cl)c1C(=O)N[C@@H]1C(=O)N2[C@@H]1SC(C)(C)[C@@H]2C(=O)O,18381.0,1.54,PubChem,PubChem: half-life (t1/2) was in the range of 1.38-1.71 hours,0.786,2.7761,0.1889,0.187520720836463,-0.104577453960592,0.5103896103896104,0.2920981747970552,standard,True,1.9592875318066156,True,False
Gestodene,C#C[C@]1(O)C=C[C@H]2[C@@H]3CCC4=CC(=O)CC[C@@H]4[C@H]3CC[C@@]21CC,3033968.0,18.0,PubChem,PubChem: t 18 hours,9.253,2.1665,1.7357,1.255272505103306,0.9662825621674632,0.5140555555555556,0.2889899429358427,standard,True,1.9453150329622826,True,False
Carvedilol,COc1ccccc1OCCNCC(O)COc1cccc2[nH]c3ccccc3c12,2585.0,8.5,PubChem,PubChem: half life of carvedilol is between 7-10 hours,4.4,4.9722,1.8943,0.9294189257142929,0.6434526764861874,0.5176470588235295,0.2859662492281052,standard,True,1.9318181818181817,True,False
Temozolomide,Cn1nnc2c(C(N)=O)ncn2c1=O,5394.0,1.8,PubChem,PubChem: half-life than in buffer (1 versus 1.8 hours,3.39,2.4275,0.7124,0.255272505103306,0.5301996982030822,1.8833333333333333,0.2749271930997761,standard,True,1.8833333333333333,True,False
Olsalazine,O=C(O)c1cc(N=Nc2ccc(O)c(C(=O)O)c2)ccc1O,22419.0,0.9,FDA,"FDA label: half-life, approximately 0.9 hour",1.695,1.082,0.1588,-0.0457574905606751,0.229169702539101,1.8833333333333333,0.2749271930997761,standard,True,1.8833333333333333,True,False
Methimazole,Cn1cc[nH]c1=S,1349907.0,4.0,PubChem,PubChem: half-life is 3-5 hr,2.18,8.4576,1.5961,0.6020599913279624,0.3384564936046048,0.545,0.2636034977233575,standard,True,1.8348623853211008,True,False
Vilanterol,OCc1cc([C@@H](O)CNCCCCCCOCCOCc2c(Cl)cccc2Cl)ccc1O,10184665.0,11.0,PubChem,"PubChem: half-life for vilanterol, as determined from inhalation administration of multiple doses, is 11 hours",6.112,13.039,6.9002,1.0413926851582251,0.7861833455676335,0.5556363636363636,0.2552093395905915,standard,True,1.799738219895288,True,False
Perphenazine,OCCN1CCN(CCCN2c3ccccc3Sc3ccc(Cl)cc32)CC1,4748.0,10.0,PubChem,PubChem: Half Life: 8-12 hours,17.94,8.9434,13.8911,1.0,1.2538224387080734,1.794,0.2538224387080733,standard,True,1.794,True,False
Clozepam,O=C1CN=C(c2ccccc2Cl)c2cc([N+](=O)[O-])ccc2N1,2802.0,35.0,PubChem,PubChem: Half Life: 30-40 hours,19.674,0.5792,0.9866,1.5440680443502757,1.2938926670530089,0.5621142857142857,0.2501753772972668,standard,True,1.7789976618887873,True,False
Desmopressin,N=C(N)NCCC[C@@H](NC(=O)[C@@H]1CCCN1C(=O)[C@@H]1CSSCCC(=O)N[C@@H](Cc2ccc(O)cc2)C(=O)N[C@@H](Cc2ccccc2)C(=O)N[C@@H](CCC(N)=O)C(=O)N[C@@H](CC(N)=O)C(=O)N1)C(=O)NCC(N)=O,5311065.0,1.0,PubChem,PubChem: t 1 hour,1.764,2.6212,0.4004,0.0,0.2464985807958009,1.764,0.2464985807958009,standard,True,1.764,True,False
Prednisolone,C[C@]12C=CC(=O)C=C1CC[C@@H]1[C@@H]2[C@@H](O)C[C@@]2(C)[C@H]1CC[C@]2(O)C(=O)CO,5755.0,2.8,PubChem,PubChem: half life is 2.1-3.5 hours,1.588,4.7549,0.6537,0.4471580313422192,0.2008504980910774,0.5671428571428572,0.2463075332511417,standard,True,1.7632241813602012,True,False
lbuphine,Oc1ccc2c3c1O[C@H]1[C@@H](O)CC[C@@]4(O)[C@@H](C2)N(CC2CCC2)CC[C@]314,5311304.0,5.0,PubChem,PubChem: Half Life: The plasma half-life of nalbuphine is 5 hours,2.863,17.0044,4.2156,0.6989700043360189,0.4568213480215986,0.5726,0.2421486563144201,standard,True,1.7464198393293748,True,False
Dacarbazine,CN(C)N=Nc1[nH]cnc1C(N)=O,135398738.0,5.0,PubChem,PubChem: half-life of 19 minutes and a terminal half-life of 5 hours,2.884,3.3454,0.8353,0.6989700043360189,0.4599952560473914,0.5768,0.2389747482886274,standard,True,1.7337031900138697,True,False
Methadone,CCC(=O)C(CC(C)N(C)C)(c1ccccc1)c1ccccc1,4095.0,10.0,PubChem,PubChem: t 10 hours,5.786,6.0161,3.0135,1.0,0.7623784293119641,0.5786,0.2376215706880358,standard,True,1.7283097131005878,True,False
Amphetamine (-d),CC(N)Cc1ccccc1,3007.0,12.0,PubChem,PubChem: t 12 hours,7.055,7.925,4.8406,1.0791812460476249,0.8484970180903666,0.5879166666666666,0.2306842279572582,standard,True,1.7009213323883772,True,False
Nefazodone,CCc1nn(CCCN2CCN(c3cccc(Cl)c3)CC2)c(=O)n1CCOc1ccccc1,4449.0,8.3,PubChem,PubChem: half-life for nefazodone was 8.3 hours,4.893,3.5229,1.4925,0.919078092376074,0.6895752157599382,0.5895180722891565,0.2295028766161357,standard,True,1.6963008379317395,True,False
Levomepromazine,COc1ccc2c(c1)N(C[C@H](C)CN(C)C)c1ccccc1S2,72287.0,20.0,PubChem,PubChem: Half Life: Approximately 20 hours,11.948,10.3278,10.6834,1.3010299956639813,1.0772952139320906,0.5974,0.2237347817318905,standard,True,1.6739203213927016,True,False
Bleomycin,Cc1c(N)nc([C@H](CC(N)=O)NC[C@H](N)C(N)=O)nc1C(=O)N[C@H](C(=O)N[C@H](C)[C@@H](O)[C@H](C)C(=O)N[C@H](C(=O)NCCc1nc(-c2nc(C(=O)NCCC[S+](C)C)cs2)cs1)[C@@H](C)O)[C@@H](O[C@H]1O[C@@H](CO)[C@H](O)[C@@H](O)[C@@H]1O[C@H]1O[C@@H](CO)[C@H](O)[C@@H](OC(N)=O)[C@H]1O)c1c[nH]cn1,5360373.0,2.0,PubChem,PubChem: half-life of bleomycin is about 2 hours,3.344,1.0467,0.3031,0.3010299956639812,0.5242662687669788,1.672,0.2232362731029975,multi_compartment,True,1.672,True,False
Levofloxacin,C[C@H]1COc2c(N3CCN(C)CC3)c(F)cc3c(=O)c(C(=O)O)cn1c23,149096.0,8.0,PubChem,PubChem: half-life of levofloxacin ranges from approximately 6 to 8 hours,4.785,3.0231,1.2526,0.9030899869919436,0.6798819421128623,0.598125,0.2232080448790812,renal_tubular,True,1.6718913270637408,True,False
Eletriptan,CN1CCC[C@@H]1Cc1c[nH]c2ccc(CCS(=O)(=O)c3ccccc3)cc12,77993.0,4.0,PubChem,PubChem: half-life of eletriptan is approximately 4 hours,6.683,5.4816,3.1715,0.6020599913279624,0.8249714611236932,1.67075,0.2229114697957309,standard,True,1.67075,True,False
Morphine,CN1CC[C@]23c4c5ccc(O)c4O[C@H]2[C@@H](O)C=C[C@H]3[C@H]1C5,5288826.0,3.0,PubChem,PubChem: Half Life: 2-4 hours,1.825,13.3937,2.1168,0.4771212547196624,0.2612628687924935,0.6083333333333333,0.2158583859271689,enterohepatic,True,1.6438356164383563,True,False
Isradipine,COC(=O)C1=C(C)NC(C)=C(C(=O)OC(C)C)C1c1cccc2nonc12,3784.0,1.5,FDA,FDA label: t 1.5 hours,2.463,8.7514,1.8663,0.1760912590556812,0.3914644118391032,1.642,0.215373152783422,standard,True,1.6420000000000001,True,False
Hydromorphone,CN1CC[C@]23c4c5ccc(O)c4O[C@H]2C(=O)CC[C@H]3[C@H]1C5,5284570.0,2.5,PubChem,PubChem: half-life of about 2.5 hours,1.535,14.9376,1.9852,0.3979400086720376,0.1861083798132052,0.614,0.2118316288588323,standard,True,1.6286644951140066,True,False
Tegafur,O=c1[nH]c(=O)n(C2CCCO2)cc1F,5386.0,1.0,PubChem,PubChem: t 1 hour,1.622,4.7089,0.6614,0.0,0.2100508498751372,1.622,0.2100508498751372,standard,True,1.622,True,False
Meloxicam,Cc1cnc(NC(=O)C2=C(O)c3ccccc3S(=O)(=O)N2C)s1,54677470.0,17.5,PubChem,PubChem: Half Life: 15-20 hours,10.799,0.216,0.202,1.2430380486862944,1.0333835411731191,0.6170857142857142,0.2096545075131753,standard,True,1.620520418557274,True,False
Rocuronium,C=CC[N+]1([C@H]2C[C@H]3[C@@H]4CC[C@H]5C[C@H](O)[C@@H](N6CCOCC6)C[C@]5(C)[C@H]4CC[C@]3(C)[C@H]2OC(C)=O)CCCC1,441290.0,1.1,FDA,FDA label: half-life of rocuronium bromide decreases with increasing age from 1.1 hour,1.757,4.5699,0.6952,0.041392685158225,0.2447717614952949,1.597272727272727,0.2033790763370698,standard,True,1.597272727272727,True,False
Apixaban,COc1ccc(-n2nc(C(N)=O)c3c2C(=O)N(c2ccc(N4CCCCC4=O)cc2)CC3)cc1,10182969.0,12.0,PubChem,PubChem: half-life of approximately 12 hours,7.524,3.2256,2.1011,1.0791812460476249,0.8764487868783413,0.627,0.2027324591692835,standard,True,1.594896331738437,True,False
Tolbutamide,CCCCNC(=O)NS(=O)(=O)c1ccc(C)cc1,5505.0,5.0,PubChem,PubChem: HALF-LIFE OF TOLBUTAMIDE IS ABOUT 5 HR,7.836,0.4186,0.284,0.6989700043360189,0.8940944273226987,1.5672,0.1951244229866799,standard,True,1.5672000000000001,True,False
Miconazole,Clc1ccc(COC(Cn2ccnc2)c2ccc(Cl)cc2Cl)c(Cl)c1,4189.0,24.0,PubChem,PubChem: half-life of 24 hours,15.503,3.2164,4.3172,1.380211241711606,1.1904157470332903,0.6459583333333333,0.1897954946783157,standard,True,1.5480874669418823,True,False
Azathioprine,Cn1cnc([N+](=O)[O-])c1Sc1ncnc2nc[nH]c12,2265.0,5.0,PubChem,PubChem: half life of azathioprine is approximately 5 hours,3.28,2.9259,0.8309,0.6989700043360189,0.5158738437116791,0.6559999999999999,0.1830961606243397,standard,True,1.524390243902439,True,False
Pixantrone,NCCNc1ccc(NCCN)c2c1C(=O)c1ccncc1C2=O,134019.0,31.9,PubChem,PubChem: Half life ranges from 14.7 to 31.9 hours,22.122,6.1382,11.7564,1.503790683057181,1.34482438798976,0.6934796238244514,0.158966295067421,standard,True,1.4420034354940783,True,False
Terlipressin,NCCCC[C@H](NC(=O)[C@@H]1CCCN1C(=O)[C@@H]1CSSC[C@H](NC(=O)CNC(=O)CNC(=O)CN)C(=O)N[C@@H](Cc2ccc(O)cc2)C(=O)N[C@@H](Cc2ccccc2)C(=O)N[C@@H](CCC(N)=O)C(=O)N[C@@H](CC(N)=O)C(=O)N1)C(=O)NCC(N)=O,72081.0,0.9,PubChem,PubChem: half-life of terlipressin was 0.9 hours,1.291,3.0245,0.338,-0.0457574905606751,0.1109262422664202,1.4344444444444444,0.1566837328270954,standard,True,1.4344444444444444,True,False
Pentazocine,CC(C)=CCN1CC[C@]2(C)c3cc(O)ccc3C[C@H]1C2C,441278.0,3.0,PubChem,PubChem: Half Life: 2 to 3 hours,2.106,21.7656,3.9683,0.4771212547196624,0.3234583668494676,0.702,0.1536628878701947,standard,True,1.4245014245014247,True,False
Ketamine,CNC1(c2ccccc2Cl)CCCCC1=O,3821.0,2.5,PubChem,PubChem: half-life of ketamine (beta phase) is 2.5 hours,3.556,5.0602,1.558,0.3979400086720376,0.5509617522981761,1.4224,0.1530217436261385,standard,True,1.4224,True,False
Iopamidol,C[C@H](O)C(=O)Nc1c(I)c(C(=O)NC(CO)CO)c(I)c(C(=O)NC(CO)CO)c1I,65492.0,1.67,PubChem,PubChem: Half-life beta was equal to 1.67 h,1.239,2.2917,0.2458,0.2227164711475832,0.0930713063760634,0.7419161676646707,0.1296451647715197,multi_compartment,True,1.3478611783696528,True,False
Quinine,C=CC1CN2CC[C@H]1CC2C(O)c1ccnc2ccc(OC)cc12,3034034.0,11.1,PubChem,PubChem: half-life was 9.7-12.5 hours,8.275,3.5449,2.5398,1.0453229787866574,0.9177680024477564,0.7454954954954955,0.127554976338901,standard,True,1.3413897280966767,True,False
Deferasirox,O=C1C=CC=CC1=C1NC(=C2C=CC=CC2=O)N(c2ccc(C(=O)O)cc2)N1,214348.0,2.75,PubChem,PubChem: t 1.5-4 hours,2.061,1.4131,0.2522,0.4393326938302626,0.3140779917792128,0.7494545454545455,0.1252547020510497,standard,True,1.334303736050461,True,False
Codeine,COc1ccc2c3c1O[C@H]1[C@@H](O)C=C[C@H]4[C@@H](C2)N(C)CC[C@@]341,5284371.0,3.0,PubChem,PubChem: Half Life: Plasma half-lives of codeine and its metabolites have been reported to be approximately 3 hours,3.983,6.6704,2.3004,0.4771212547196624,0.600210306409328,1.3276666666666668,0.1230890516896656,prodrug,True,1.3276666666666668,True,False
Albuterol,CC(C)(C)NCC(O)c1ccc(O)c(CO)c1,2083.0,1.6,PubChem,PubChem: Half Life: 1.6 hours,2.124,11.9707,2.2015,0.2041199826559248,0.3271545124094315,1.3275,0.1230345297535066,standard,True,1.3275,True,False
Zolpidem,Cc1ccc(-c2nc3ccc(C)cn3c2CC(=O)N(C)C)cc1,5732.0,2.6,PubChem,PubChem: Half Life: 2.6 hours,1.965,8.1152,1.3808,0.414973347970818,0.2933625547114455,0.7557692307692307,0.1216107932593724,standard,True,1.3231552162849873,True,False
Moxonidine,COc1nc(C)nc(Cl)c1NC1=NCCN1,4810.0,2.25,PubChem,PubChem: half life is 2.2 - 2.3 hours,2.953,7.0883,1.8124,0.3521825181113625,0.4702634469650784,1.3124444444444443,0.1180809288537159,standard,True,1.3124444444444443,True,False
Nebivolol,OC(CNCC(O)C1CCc2cc(F)ccc2O1)C1CCc2cc(F)ccc2O1,71301.0,12.0,PubChem,PubChem: half life of 12 hours,15.688,6.4633,8.7789,1.0791812460476249,1.1955675806597277,1.3073333333333337,0.1163863346121028,standard,True,1.3073333333333335,True,False
Linezolid,CC(=O)NC[C@H]1CN(c2ccc(N3CCOCC3)c(F)c2)C(=O)O1,441401.0,5.0,PubChem,PubChem: Half Life: 4.5-5.5 hours,3.853,3.2186,1.0736,0.6989700043360189,0.585799009013001,0.7706000000000001,0.1131709953230178,standard,True,1.2976901116013495,True,False
Cefotaxime,CO/N=C(\C(=O)N[C@@H]1C(=O)N2C(C(=O)O)=C(COC(C)=O)CS[C@H]12)c1csc(N)n1,5742673.0,1.0,FDA,FDA label: half-life of approximately 1 hour,1.295,1.972,0.2211,0.0,0.1122697684172706,1.295,0.1122697684172706,standard,True,1.295,True,False
Pyridostigmine,CN(C)C(=O)Oc1ccc[n+](C)c1,4991.0,3.0,PubChem,PubChem: Half Life: 3 hours,2.328,4.2421,0.8551,0.4771212547196624,0.3669829759778508,0.7759999999999999,0.1101382787418116,standard,True,1.288659793814433,True,False
Danazol,C#C[C@]1(O)CC[C@H]2[C@@H]3CCC4=Cc5oncc5C[C@]4(C)[C@H]3CC[C@@]21C,28417.0,11.0,PubChem,PubChem: half-life increasing from 11 hours,8.579,2.3619,1.7544,1.0413926851582251,0.9334366678262804,0.779909090909091,0.1079560173319445,standard,True,1.2822007226949528,True,False
Nelarabine,COc1nc(N)nc2c1ncn2[C@@H]1O[C@H](CO)[C@@H](O)[C@@H]1O,3011155.0,3.2,PubChem,PubChem: half-life of 18 minutes and 3.2 hours,2.514,5.7963,1.2616,0.505149978319906,0.4003652733499389,0.7856249999999999,0.104784704969967,standard,True,1.2728719172633256,True,False
Metoprolol,COCCc1ccc(OCC(O)CNC(C)C)cc1,4171.0,3.5,PubChem,PubChem: half-life of both unchanged drug and metabolites is about 3-4 hours,4.416,7.6862,2.939,0.5440680443502757,0.6450290647211425,1.2617142857142858,0.1009610203708668,standard,True,1.2617142857142858,True,False
Enoxacin,CCn1cc(C(=O)O)c(=O)c2cc(F)c(N3CCNCC3)nc21,3229.0,6.0,PubChem,PubChem: half-life is 3 to 6 hours,4.767,3.4624,1.4291,0.7781512503836436,0.678245151927042,0.7945000000000001,0.0999060984566015,standard,True,1.2586532410320956,True,False
Tazobactam,C[C@@]1(Cn2ccnn2)[C@H](C(=O)O)N2C(=O)C[C@H]2S1(=O)=O,123630.0,1.2,PubChem,PubChem: half-life of piperacillin and tazobactam was in the range of 0.7 to 1.2 hours,0.976,3.0372,0.2566,0.0791812460476248,-0.0105501823333081,0.8133333333333334,0.089731428380933,standard,True,1.2295081967213115,True,False
Miglitol,OCCN1C[C@H](O)[C@@H](O)[C@H](O)[C@H]1CO,441314.0,2.0,PubChem,PubChem: half-life of miglitol from plasma is approximately 2 hours,2.45,2.4049,0.5101,0.3010299956639812,0.3891660843645325,1.225,0.0881360887005513,standard,True,1.225,True,False
Midazolam,Cc1ncc2n1-c1ccc(Cl)cc1C(c1ccccc1F)=NC2,4192.0,6.4,PubChem,"PubChem: Half Life: Intravenous, healthy adults = 1.8 to 6.4 hours",5.23,3.721,1.6849,0.8061799739838872,0.7185016888672743,0.8171875000000001,0.0876782851166129,standard,True,1.2237093690248566,True,False
Azlocillin,CC1(C)SC2[C@H](NC(=O)C(NC(=O)N3CCNC3=O)c3ccccc3)C(=O)N2[C@H]1C(=O)O,6479523.0,1.5,PubChem,PubChem: half-life is 1.3 to 1.5 hours,1.23,2.1578,0.2298,0.1760912590556812,0.0899051114393979,0.82,0.0861861476162833,standard,True,1.2195121951219512,True,False
Canagliflozin,Cc1ccc([C@@H]2O[C@H](CO)[C@@H](O)[C@H](O)[C@H]2O)cc1Cc1ccc(-c2ccc(F)cc2)s1,24812758.0,10.6,PubChem,PubChem: half-life of canagliflozin was 10.6 hours,8.877,2.9884,2.2968,1.0253058652647702,0.9482662198802956,0.8374528301886793,0.0770396453844747,standard,True,1.194097104877774,True,False
Chloroquine,CCN(CC)CCCC(C)Nc1ccnc2cc(Cl)ccc12,2719.0,96.0,PubChem,PubChem: half-life of chloroquine in healthy individuals is generally reported to be 72-120 hr,111.738,8.6683,83.8597,1.9822712330395684,2.048200893650804,1.1639375,0.0659296606112355,multi_compartment,True,1.1639375,True,False
Ipratropium,CC(C)[N+]1(C)[C@@H]2CC[C@H]1CC(OC(=O)[C@H](CO)c1ccccc1)C2,657309.0,1.6,FDA,FDA label: half-life of elimination is about 1.6 hours,1.854,26.8532,4.3115,0.2041199826559248,0.2681097298084783,1.15875,0.0639897471525534,standard,True,1.15875,True,False
Bisoprolol,CC(C)NCC(O)COc1ccc(COCCOC(C)C)cc1,2405.0,5.0,PubChem,PubChem: half-life of 4 to 5 hr,5.658,5.2546,2.5741,0.6989700043360189,0.752662943120972,1.1316000000000002,0.0536929387849532,standard,True,1.1316000000000002,True,False
Ezogabine,CCOC(=O)Nc1ccc(NCc2ccc(F)cc2)cc1N,121892.0,7.5,PubChem,PubChem: half-life = 7.5 hours,8.226,2.2336,1.5909,0.8750612633917001,0.9151887051731564,1.0968000000000002,0.0401274417814563,standard,True,1.0968000000000002,True,False
Imipramine,CN(C)CCCN1c2ccccc2CCc2ccccc21,3696.0,16.0,PubChem,"PubChem: HALF-LIFE, 16 HOURS",17.508,10.6733,16.1787,1.2041199826559248,1.2432365379410764,1.09425,0.0391165552851516,standard,True,1.09425,True,False
Procaimide,CCN(CC)CCNC(=O)c1ccc(N)cc1,4913.0,3.5,PubChem,PubChem: HALF-LIFE IS 3-4 HR,3.209,8.0744,2.2433,0.5440680443502757,0.506369717095504,0.9168571428571428,0.0376983272547715,standard,True,1.090682455593643,True,False
Ramelteon,CCC(=O)NCC[C@@H]1CCc2ccc3c(c21)CCO3,208902.0,1.8,PubChem,"PubChem: half-life of ramelteon (on average, approximately 1- 2.6 hours",1.653,7.6878,1.1002,0.255272505103306,0.2182728535714475,0.9183333333333332,0.0369996515318585,standard,True,1.0889292196007259,True,False
Gemcitabine,Nc1ccn([C@@H]2O[C@H](CO)[C@@H](O)C2(F)F)c(=O)n1,60750.0,1.6,PubChem,PubChem: half-life ranged from 0.7 to 1.6 hours,1.728,5.2012,0.7781,0.2041199826559248,0.2375437381428744,1.0799999999999998,0.0334237554869496,standard,True,1.0799999999999998,True,False
Timolol,CC(C)(C)NC[C@H](O)COc1nsnc1N1CCOCC1,33624.0,3.5,PubChem,PubChem: half-life of 3-4 hr,3.733,3.972,1.2839,0.5440680443502757,0.5720579899263045,1.0665714285714285,0.0279899455760288,standard,True,1.0665714285714285,True,False
Ibutilide,CCCCCCCN(CC)CCCC(O)c1ccc(NS(C)(=O)=O)cc1,60753.0,8.6,PubChem,PubChem: half-life (12.5 +/- 10.7 vs 12.4 +/- 8.6 hrs,8.118,5.0192,3.5276,0.9344984512435676,0.9094490469812666,0.9439534883720933,0.025049404262301,standard,True,1.0593742301059372,True,False
Melperone,CC1CCN(CCCC(=O)c2ccc(F)cc2)CC1,15387.0,6.0,PubChem,PubChem: half-life has been found to be approximately 6 hours,6.18,6.3894,3.4186,0.7781512503836436,0.7909884750888159,1.03,0.0128372247051722,standard,True,1.03,True,False
Vildagliptin,N#C[C@H]1CCCN1C(=O)CNC12C[C@@H]3C[C@@H](CC(O)(C3)C1)C2,6918537.0,1.7,PubChem,PubChem: t 1.7 hours,1.735,7.666,1.1513,0.2304489213782739,0.2392994791268925,1.0205882352941178,0.0088505577486186,standard,True,1.0205882352941178,True,False
Ibuprofen,CC(C)Cc1ccc(C(C)C(=O)O)cc1,3672.0,2.0,PubChem,PubChem: half-life in plasma is about 2 hr,1.967,2.0128,0.3429,0.3010299956639812,0.2938043599193367,0.9835,0.0072256357446444,standard,True,1.0167768174885612,True,False
Diltiazem Hydrochloride,COc1ccc([C@@H]2Sc3ccccc3N(CCN(C)C)C(=O)[C@@H]2OC(C)=O)cc1,62920.0,3.75,PubChem,PubChem: Half Life: 3.0 - 4.5 hours,3.753,7.4763,2.4296,0.5740312677277188,0.5743785644130824,1.0008,0.0003472966853635,standard,True,1.0008000000000001,True,False
